{"cameraMode":{"drawMode":0,"name":"Shaded","section":"Shading Mode"},"sceneLighting":true,"audioPlay":false,"sceneViewState":{"showFog":true,"showMaterialUpdate":false,"showSkybox":true,"showFlares":true,"showImageEffects":true,"showParticleSystems":true},"in2DMode":false,"pivot":{"x":15.995414733886719,"y":3.7097883224487306,"z":3.239651679992676},"rotation":{"x":-0.07255680859088898,"y":-0.9266844987869263,"z":0.279396653175354,"w":-0.24098515510559083},"size":15.244141578674317,"orthographic":false}