{"cameraMode":{"drawMode":0,"name":"Shaded","section":"Shading Mode"},"sceneLighting":true,"audioPlay":false,"sceneViewState":{"showFog":true,"showMaterialUpdate":false,"showSkybox":true,"showFlares":true,"showImageEffects":true,"showParticleSystems":true},"in2DMode":false,"pivot":{"x":21.3936710357666,"y":-4.677438735961914,"z":10.011113166809082},"rotation":{"x":0.22498944401741029,"y":0.7402952909469605,"z":-0.29820969700813296,"w":0.5591107606887817},"size":30.35956382751465,"orthographic":false}