{"cameraMode":{"drawMode":0,"name":"Shaded","section":"Shading Mode"},"sceneLighting":true,"audioPlay":false,"sceneViewState":{"showFog":true,"showMaterialUpdate":false,"showSkybox":true,"showFlares":true,"showImageEffects":true,"showParticleSystems":true},"in2DMode":false,"pivot":{"x":17.877147674560548,"y":-3.9063720703125,"z":7.197090148925781},"rotation":{"x":-0.438512921333313,"y":-0.34476804733276369,"z":0.186922088265419,"w":-0.8088226914405823},"size":17.472267150878908,"orthographic":false}