{"cameraMode":{"drawMode":0,"name":"Shaded","section":"Shading Mode"},"sceneLighting":true,"audioPlay":false,"sceneViewState":{"showFog":true,"showMaterialUpdate":false,"showSkybox":true,"showFlares":true,"showImageEffects":true,"showParticleSystems":true},"in2DMode":false,"pivot":{"x":21.355274200439454,"y":-1.8025627136230469,"z":3.768543243408203},"rotation":{"x":0.26199984550476076,"y":0.5616077184677124,"z":-0.19362974166870118,"w":0.7606956362724304},"size":36.605003356933597,"orthographic":false}