{"cameraMode":{"drawMode":0,"name":"Shaded","section":"Shading Mode"},"sceneLighting":false,"audioPlay":true,"sceneViewState":{"showFog":true,"showMaterialUpdate":false,"showSkybox":true,"showFlares":true,"showImageEffects":true,"showParticleSystems":true},"in2DMode":false,"pivot":{"x":1.3338465690612794,"y":2.019620418548584,"z":-2.1847009658813478},"rotation":{"x":-0.11447117477655411,"y":0.8562977910041809,"z":-0.21528562903404237,"w":-0.4553089439868927},"size":8.517777442932129,"orthographic":false}